<?xml version="1.0" encoding="utf-8" ?><dwsync><file name="diag_pattern.png" server="Macintosh HD/Users/josephlowery/Documents/Projects/Lynda/CSS_Transitions/Exercise Files/Chapter 2/02_01/" local="3415750080" remote="318728259436557760" Dst="-1" /><file name="ralogo.png" server="Macintosh HD/Users/josephlowery/Documents/Projects/Lynda/CSS_Transitions/Exercise Files/Chapter 2/02_01/" local="3415750080" remote="318728259436557760" Dst="-1" /><file name="main_back.jpg" server="Macintosh HD/Users/josephlowery/Documents/Projects/Lynda/CSS_Transitions/Exercise Files/Chapter 2/02_01/" local="3415750080" remote="318728259436557760" Dst="-1" /><file name="design.jpg" server="Macintosh HD/Users/josephlowery/Documents/Projects/Lynda/CSS_Transitions/Exercise Files/Chapter 2/02_01/" local="3415750080" remote="318728259436557760" Dst="-1" /><file name="accent2.jpg" server="Macintosh HD/Users/josephlowery/Documents/Projects/Lynda/CSS_Transitions/Exercise Files/Chapter 2/02_01/" local="3415750080" remote="318728259436557760" Dst="-1" /><file name="accent3.jpg" server="Macintosh HD/Users/josephlowery/Documents/Projects/Lynda/CSS_Transitions/Exercise Files/Chapter 2/02_01/" local="3415750080" remote="318728259436557760" Dst="-1" /><file name="accent1.jpg" server="Macintosh HD/Users/josephlowery/Documents/Projects/Lynda/CSS_Transitions/Exercise Files/Chapter 2/02_01/" local="3415750080" remote="318728259436557760" Dst="-1" /><file name="accent4.jpg" server="Macintosh HD/Users/josephlowery/Documents/Projects/Lynda/CSS_Transitions/Exercise Files/Chapter 2/02_01/" local="3415750080" remote="318728259436557760" Dst="-1" /><file name="hover.png" server="Macintosh HD/Users/josephlowery/Documents/Projects/Lynda/CSS_Transitions/Exercise Files/Chapter 2/02_01/" local="3415750080" remote="318728259436557760" Dst="-1" /><file name="icon_twitter.png" server="Macintosh HD/Users/josephlowery/Documents/Projects/Lynda/CSS_Transitions/Exercise Files/Chapter 2/02_01/" local="3415750080" remote="318728259436557760" Dst="-1" /><file name="icon_google.png" server="Macintosh HD/Users/josephlowery/Documents/Projects/Lynda/CSS_Transitions/Exercise Files/Chapter 2/02_01/" local="3415750080" remote="318728259436557760" Dst="-1" /><file name="icon_facebook.png" server="Macintosh HD/Users/josephlowery/Documents/Projects/Lynda/CSS_Transitions/Exercise Files/Chapter 2/02_01/" local="3415750080" remote="318728259436557760" Dst="-1" /><file name="icon_linked.png" server="Macintosh HD/Users/josephlowery/Documents/Projects/Lynda/CSS_Transitions/Exercise Files/Chapter 2/02_01/" local="3415750080" remote="318728259436557760" Dst="-1" /><file name="show1.jpg" server="Macintosh HD/Users/josephlowery/Documents/Projects/Lynda/CSS_Transitions/Exercise Files/Chapter 2/02_01/" local="3415750080" remote="318728259436557760" Dst="-1" /><file name="diag_pattern.png" server="Macintosh HD/Users/josephlowery/Documents/Projects/Lynda/CSS_Transitions/Exercise Files/Chapter 2/02_02/" local="3415750080" remote="318728259436557760" Dst="-1" /><file name="ralogo.png" server="Macintosh HD/Users/josephlowery/Documents/Projects/Lynda/CSS_Transitions/Exercise Files/Chapter 2/02_02/" local="3415750080" remote="318728259436557760" Dst="-1" /><file name="main_back.jpg" server="Macintosh HD/Users/josephlowery/Documents/Projects/Lynda/CSS_Transitions/Exercise Files/Chapter 2/02_02/" local="3415750080" remote="318728259436557760" Dst="-1" /><file name="design.jpg" server="Macintosh HD/Users/josephlowery/Documents/Projects/Lynda/CSS_Transitions/Exercise Files/Chapter 2/02_02/" local="3415750080" remote="318728259436557760" Dst="-1" /><file name="accent2.jpg" server="Macintosh HD/Users/josephlowery/Documents/Projects/Lynda/CSS_Transitions/Exercise Files/Chapter 2/02_02/" local="3415750080" remote="318728259436557760" Dst="-1" /><file name="accent3.jpg" server="Macintosh HD/Users/josephlowery/Documents/Projects/Lynda/CSS_Transitions/Exercise Files/Chapter 2/02_02/" local="3415750080" remote="318728259436557760" Dst="-1" /><file name="accent1.jpg" server="Macintosh HD/Users/josephlowery/Documents/Projects/Lynda/CSS_Transitions/Exercise Files/Chapter 2/02_02/" local="3415750080" remote="318728259436557760" Dst="-1" /><file name="accent4.jpg" server="Macintosh HD/Users/josephlowery/Documents/Projects/Lynda/CSS_Transitions/Exercise Files/Chapter 2/02_02/" local="3415750080" remote="318728259436557760" Dst="-1" /><file name="hover.png" server="Macintosh HD/Users/josephlowery/Documents/Projects/Lynda/CSS_Transitions/Exercise Files/Chapter 2/02_02/" local="3415750080" remote="318728259436557760" Dst="-1" /><file name="icon_twitter.png" server="Macintosh HD/Users/josephlowery/Documents/Projects/Lynda/CSS_Transitions/Exercise Files/Chapter 2/02_02/" local="3415750080" remote="318728259436557760" Dst="-1" /><file name="icon_google.png" server="Macintosh HD/Users/josephlowery/Documents/Projects/Lynda/CSS_Transitions/Exercise Files/Chapter 2/02_02/" local="3415750080" remote="318728259436557760" Dst="-1" /><file name="icon_facebook.png" server="Macintosh HD/Users/josephlowery/Documents/Projects/Lynda/CSS_Transitions/Exercise Files/Chapter 2/02_02/" local="3415750080" remote="318728259436557760" Dst="-1" /><file name="icon_linked.png" server="Macintosh HD/Users/josephlowery/Documents/Projects/Lynda/CSS_Transitions/Exercise Files/Chapter 2/02_02/" local="3415750080" remote="318728259436557760" Dst="-1" /><file name="chow.jpg" server="Macintosh HD/Users/josephlowery/Documents/Projects/Lynda/CSS_Transitions/Exercise Files/Chapter 2/02_02/" local="3415750320" remote="318728259436558000" Dst="-1" /><file name="feature1.jpg" server="Macintosh HD/Users/josephlowery/Documents/Projects/Lynda/CSS_Transitions/Exercise Files/Chapter 2/02_02/" local="3415750320" remote="318728259436558000" Dst="-1" /><file name="feature2.jpg" server="Macintosh HD/Users/josephlowery/Documents/Projects/Lynda/CSS_Transitions/Exercise Files/Chapter 2/02_02/" local="3415750320" remote="318728259436558000" Dst="-1" /><file name="feature3.jpg" server="Macintosh HD/Users/josephlowery/Documents/Projects/Lynda/CSS_Transitions/Exercise Files/Chapter 2/02_02/" local="3415750320" remote="318728259436558000" Dst="-1" /><file name="feature4.jpg" server="Macintosh HD/Users/josephlowery/Documents/Projects/Lynda/CSS_Transitions/Exercise Files/Chapter 2/02_02/" local="3415750320" remote="318728259436558000" Dst="-1" /><file name="feature5.jpg" server="Macintosh HD/Users/josephlowery/Documents/Projects/Lynda/CSS_Transitions/Exercise Files/Chapter 2/02_02/" local="3415750320" remote="318728259436558000" Dst="-1" /><file name="feature6.jpg" server="Macintosh HD/Users/josephlowery/Documents/Projects/Lynda/CSS_Transitions/Exercise Files/Chapter 2/02_02/" local="3415750320" remote="318728259436558000" Dst="-1" /><file name="feature7.jpg" server="Macintosh HD/Users/josephlowery/Documents/Projects/Lynda/CSS_Transitions/Exercise Files/Chapter 2/02_02/" local="3415750320" remote="318728259436558000" Dst="-1" /><file name="feature8.jpg" server="Macintosh HD/Users/josephlowery/Documents/Projects/Lynda/CSS_Transitions/Exercise Files/Chapter 2/02_02/" local="3415750320" remote="318728259436558000" Dst="-1" /><file name="feature9.jpg" server="Macintosh HD/Users/josephlowery/Documents/Projects/Lynda/CSS_Transitions/Exercise Files/Chapter 2/02_02/" local="3415750320" remote="318728259436558000" Dst="-1" /><file name="diag_pattern.png" server="Macintosh HD/Users/josephlowery/Documents/Projects/Lynda/CSS_Transitions/Exercise Files/Chapter 2/02_03/" local="3415750080" remote="318728259436557760" Dst="-1" /><file name="ralogo.png" server="Macintosh HD/Users/josephlowery/Documents/Projects/Lynda/CSS_Transitions/Exercise Files/Chapter 2/02_03/" local="3415750080" remote="318728259436557760" Dst="-1" /><file name="main_back.jpg" server="Macintosh HD/Users/josephlowery/Documents/Projects/Lynda/CSS_Transitions/Exercise Files/Chapter 2/02_03/" local="3415750080" remote="318728259436557760" Dst="-1" /><file name="design.jpg" server="Macintosh HD/Users/josephlowery/Documents/Projects/Lynda/CSS_Transitions/Exercise Files/Chapter 2/02_03/" local="3415750080" remote="318728259436557760" Dst="-1" /><file name="accent2.jpg" server="Macintosh HD/Users/josephlowery/Documents/Projects/Lynda/CSS_Transitions/Exercise Files/Chapter 2/02_03/" local="3415750080" remote="318728259436557760" Dst="-1" /><file name="accent3.jpg" server="Macintosh HD/Users/josephlowery/Documents/Projects/Lynda/CSS_Transitions/Exercise Files/Chapter 2/02_03/" local="3415750080" remote="318728259436557760" Dst="-1" /><file name="accent1.jpg" server="Macintosh HD/Users/josephlowery/Documents/Projects/Lynda/CSS_Transitions/Exercise Files/Chapter 2/02_03/" local="3415750080" remote="318728259436557760" Dst="-1" /><file name="accent4.jpg" server="Macintosh HD/Users/josephlowery/Documents/Projects/Lynda/CSS_Transitions/Exercise Files/Chapter 2/02_03/" local="3415750080" remote="318728259436557760" Dst="-1" /><file name="hover.png" server="Macintosh HD/Users/josephlowery/Documents/Projects/Lynda/CSS_Transitions/Exercise Files/Chapter 2/02_03/" local="3415750080" remote="318728259436557760" Dst="-1" /><file name="icon_twitter.png" server="Macintosh HD/Users/josephlowery/Documents/Projects/Lynda/CSS_Transitions/Exercise Files/Chapter 2/02_03/" local="3415750080" remote="318728259436557760" Dst="-1" /><file name="icon_google.png" server="Macintosh HD/Users/josephlowery/Documents/Projects/Lynda/CSS_Transitions/Exercise Files/Chapter 2/02_03/" local="3415750080" remote="318728259436557760" Dst="-1" /><file name="icon_facebook.png" server="Macintosh HD/Users/josephlowery/Documents/Projects/Lynda/CSS_Transitions/Exercise Files/Chapter 2/02_03/" local="3415750080" remote="318728259436557760" Dst="-1" /><file name="icon_linked.png" server="Macintosh HD/Users/josephlowery/Documents/Projects/Lynda/CSS_Transitions/Exercise Files/Chapter 2/02_03/" local="3415750080" remote="318728259436557760" Dst="-1" /><file name="show1.jpg" server="Macintosh HD/Users/josephlowery/Documents/Projects/Lynda/CSS_Transitions/Exercise Files/Chapter 2/02_03/" local="3415750080" remote="318728259436557760" Dst="-1" /><file name="diag_pattern.png" server="Macintosh HD/Users/josephlowery/Documents/Projects/Lynda/CSS_Transitions/Exercise Files/Chapter 2/02_05/" local="3415750080" remote="318728259436557760" Dst="-1" /><file name="ralogo.png" server="Macintosh HD/Users/josephlowery/Documents/Projects/Lynda/CSS_Transitions/Exercise Files/Chapter 2/02_05/" local="3415750080" remote="318728259436557760" Dst="-1" /><file name="main_back.jpg" server="Macintosh HD/Users/josephlowery/Documents/Projects/Lynda/CSS_Transitions/Exercise Files/Chapter 2/02_05/" local="3415750080" remote="318728259436557760" Dst="-1" /><file name="design.jpg" server="Macintosh HD/Users/josephlowery/Documents/Projects/Lynda/CSS_Transitions/Exercise Files/Chapter 2/02_05/" local="3415750080" remote="318728259436557760" Dst="-1" /><file name="accent2.jpg" server="Macintosh HD/Users/josephlowery/Documents/Projects/Lynda/CSS_Transitions/Exercise Files/Chapter 2/02_05/" local="3415750080" remote="318728259436557760" Dst="-1" /><file name="accent3.jpg" server="Macintosh HD/Users/josephlowery/Documents/Projects/Lynda/CSS_Transitions/Exercise Files/Chapter 2/02_05/" local="3415750080" remote="318728259436557760" Dst="-1" /><file name="accent1.jpg" server="Macintosh HD/Users/josephlowery/Documents/Projects/Lynda/CSS_Transitions/Exercise Files/Chapter 2/02_05/" local="3415750080" remote="318728259436557760" Dst="-1" /><file name="accent4.jpg" server="Macintosh HD/Users/josephlowery/Documents/Projects/Lynda/CSS_Transitions/Exercise Files/Chapter 2/02_05/" local="3415750080" remote="318728259436557760" Dst="-1" /><file name="hover.png" server="Macintosh HD/Users/josephlowery/Documents/Projects/Lynda/CSS_Transitions/Exercise Files/Chapter 2/02_05/" local="3415750080" remote="318728259436557760" Dst="-1" /><file name="icon_twitter.png" server="Macintosh HD/Users/josephlowery/Documents/Projects/Lynda/CSS_Transitions/Exercise Files/Chapter 2/02_05/" local="3415750080" remote="318728259436557760" Dst="-1" /><file name="icon_google.png" server="Macintosh HD/Users/josephlowery/Documents/Projects/Lynda/CSS_Transitions/Exercise Files/Chapter 2/02_05/" local="3415750080" remote="318728259436557760" Dst="-1" /><file name="icon_facebook.png" server="Macintosh HD/Users/josephlowery/Documents/Projects/Lynda/CSS_Transitions/Exercise Files/Chapter 2/02_05/" local="3415750080" remote="318728259436557760" Dst="-1" /><file name="icon_linked.png" server="Macintosh HD/Users/josephlowery/Documents/Projects/Lynda/CSS_Transitions/Exercise Files/Chapter 2/02_05/" local="3415750080" remote="318728259436557760" Dst="-1" /><file name="featured_student.jpg" server="Macintosh HD/Users/josephlowery/Documents/Projects/Lynda/CSS_Transitions/Exercise Files/Chapter 2/02_05/" local="3415750320" remote="318728259436558000" Dst="-1" /><file name="show1.jpg" server="Macintosh HD/Users/josephlowery/Documents/Projects/Lynda/CSS_Transitions/Exercise Files/Chapter 2/02_05/" local="3415750080" remote="318728259436557760" Dst="-1" /><file name="events.jpg" server="Macintosh HD/Users/josephlowery/Documents/Projects/Lynda/CSS_Transitions/Exercise Files/Chapter 2/02_05/" local="3415750320" remote="318728259436558000" Dst="-1" /><file name="alumni_profile.jpg" server="Macintosh HD/Users/josephlowery/Documents/Projects/Lynda/CSS_Transitions/Exercise Files/Chapter 2/02_05/" local="3415750320" remote="318728259436558000" Dst="-1" /><file name="diag_pattern.png" server="Macintosh HD/Users/josephlowery/Documents/Projects/Lynda/CSS_Transitions/Exercise Files/Chapter 3/03_02/" local="3415750080" remote="318728259436557760" Dst="-1" /><file name="ralogo.png" server="Macintosh HD/Users/josephlowery/Documents/Projects/Lynda/CSS_Transitions/Exercise Files/Chapter 3/03_02/" local="3415750080" remote="318728259436557760" Dst="-1" /><file name="main_back.jpg" server="Macintosh HD/Users/josephlowery/Documents/Projects/Lynda/CSS_Transitions/Exercise Files/Chapter 3/03_02/" local="3415750080" remote="318728259436557760" Dst="-1" /><file name="design.jpg" server="Macintosh HD/Users/josephlowery/Documents/Projects/Lynda/CSS_Transitions/Exercise Files/Chapter 3/03_02/" local="3415750080" remote="318728259436557760" Dst="-1" /><file name="accent2.jpg" server="Macintosh HD/Users/josephlowery/Documents/Projects/Lynda/CSS_Transitions/Exercise Files/Chapter 3/03_02/" local="3415750080" remote="318728259436557760" Dst="-1" /><file name="accent3.jpg" server="Macintosh HD/Users/josephlowery/Documents/Projects/Lynda/CSS_Transitions/Exercise Files/Chapter 3/03_02/" local="3415750080" remote="318728259436557760" Dst="-1" /><file name="accent1.jpg" server="Macintosh HD/Users/josephlowery/Documents/Projects/Lynda/CSS_Transitions/Exercise Files/Chapter 3/03_02/" local="3415750080" remote="318728259436557760" Dst="-1" /><file name="accent4.jpg" server="Macintosh HD/Users/josephlowery/Documents/Projects/Lynda/CSS_Transitions/Exercise Files/Chapter 3/03_02/" local="3415750080" remote="318728259436557760" Dst="-1" /><file name="hover.png" server="Macintosh HD/Users/josephlowery/Documents/Projects/Lynda/CSS_Transitions/Exercise Files/Chapter 3/03_02/" local="3415750080" remote="318728259436557760" Dst="-1" /><file name="icon_twitter.png" server="Macintosh HD/Users/josephlowery/Documents/Projects/Lynda/CSS_Transitions/Exercise Files/Chapter 3/03_02/" local="3415750080" remote="318728259436557760" Dst="-1" /><file name="icon_google.png" server="Macintosh HD/Users/josephlowery/Documents/Projects/Lynda/CSS_Transitions/Exercise Files/Chapter 3/03_02/" local="3415750080" remote="318728259436557760" Dst="-1" /><file name="icon_facebook.png" server="Macintosh HD/Users/josephlowery/Documents/Projects/Lynda/CSS_Transitions/Exercise Files/Chapter 3/03_02/" local="3415750080" remote="318728259436557760" Dst="-1" /><file name="icon_linked.png" server="Macintosh HD/Users/josephlowery/Documents/Projects/Lynda/CSS_Transitions/Exercise Files/Chapter 3/03_02/" local="3415750080" remote="318728259436557760" Dst="-1" /><file name="chow.jpg" server="Macintosh HD/Users/josephlowery/Documents/Projects/Lynda/CSS_Transitions/Exercise Files/Chapter 3/03_02/" local="3415750320" remote="318728259436558000" Dst="-1" /><file name="feature1.jpg" server="Macintosh HD/Users/josephlowery/Documents/Projects/Lynda/CSS_Transitions/Exercise Files/Chapter 3/03_02/" local="3415750320" remote="318728259436558000" Dst="-1" /><file name="feature2.jpg" server="Macintosh HD/Users/josephlowery/Documents/Projects/Lynda/CSS_Transitions/Exercise Files/Chapter 3/03_02/" local="3415750320" remote="318728259436558000" Dst="-1" /><file name="feature3.jpg" server="Macintosh HD/Users/josephlowery/Documents/Projects/Lynda/CSS_Transitions/Exercise Files/Chapter 3/03_02/" local="3415750320" remote="318728259436558000" Dst="-1" /><file name="feature4.jpg" server="Macintosh HD/Users/josephlowery/Documents/Projects/Lynda/CSS_Transitions/Exercise Files/Chapter 3/03_02/" local="3415750320" remote="318728259436558000" Dst="-1" /><file name="feature5.jpg" server="Macintosh HD/Users/josephlowery/Documents/Projects/Lynda/CSS_Transitions/Exercise Files/Chapter 3/03_02/" local="3415750320" remote="318728259436558000" Dst="-1" /><file name="feature6.jpg" server="Macintosh HD/Users/josephlowery/Documents/Projects/Lynda/CSS_Transitions/Exercise Files/Chapter 3/03_02/" local="3415750320" remote="318728259436558000" Dst="-1" /><file name="feature7.jpg" server="Macintosh HD/Users/josephlowery/Documents/Projects/Lynda/CSS_Transitions/Exercise Files/Chapter 3/03_02/" local="3415750320" remote="318728259436558000" Dst="-1" /><file name="feature8.jpg" server="Macintosh HD/Users/josephlowery/Documents/Projects/Lynda/CSS_Transitions/Exercise Files/Chapter 3/03_02/" local="3415750320" remote="318728259436558000" Dst="-1" /><file name="feature9.jpg" server="Macintosh HD/Users/josephlowery/Documents/Projects/Lynda/CSS_Transitions/Exercise Files/Chapter 3/03_02/" local="3415750320" remote="318728259436558000" Dst="-1" /><file name="diag_pattern.png" server="Macintosh HD/Users/josephlowery/Documents/Projects/Lynda/DW_Responsive/Exercise Files/Chapter 2/source/" local="3415750080" remote="318728259436557760" Dst="-1" /><file name="ralogo.png" server="Macintosh HD/Users/josephlowery/Documents/Projects/Lynda/DW_Responsive/Exercise Files/Chapter 2/source/" local="3415750080" remote="318728259436557760" Dst="-1" /><file name="main_back.jpg" server="Macintosh HD/Users/josephlowery/Documents/Projects/Lynda/DW_Responsive/Exercise Files/Chapter 2/source/" local="3415750080" remote="318728259436557760" Dst="-1" /><file name="design.jpg" server="Macintosh HD/Users/josephlowery/Documents/Projects/Lynda/DW_Responsive/Exercise Files/Chapter 2/source/" local="3415750080" remote="318728259436557760" Dst="-1" /><file name="accent2.jpg" server="Macintosh HD/Users/josephlowery/Documents/Projects/Lynda/DW_Responsive/Exercise Files/Chapter 2/source/" local="3415750080" remote="318728259436557760" Dst="-1" /><file name="accent3.jpg" server="Macintosh HD/Users/josephlowery/Documents/Projects/Lynda/DW_Responsive/Exercise Files/Chapter 2/source/" local="3415750080" remote="318728259436557760" Dst="-1" /><file name="accent1.jpg" server="Macintosh HD/Users/josephlowery/Documents/Projects/Lynda/DW_Responsive/Exercise Files/Chapter 2/source/" local="3415750080" remote="318728259436557760" Dst="-1" /><file name="accent4.jpg" server="Macintosh HD/Users/josephlowery/Documents/Projects/Lynda/DW_Responsive/Exercise Files/Chapter 2/source/" local="3415750080" remote="318728259436557760" Dst="-1" /><file name="hover.png" server="Macintosh HD/Users/josephlowery/Documents/Projects/Lynda/DW_Responsive/Exercise Files/Chapter 2/source/" local="3415750080" remote="318728259436557760" Dst="-1" /><file name="icon_twitter.png" server="Macintosh HD/Users/josephlowery/Documents/Projects/Lynda/DW_Responsive/Exercise Files/Chapter 2/source/" local="3415750080" remote="318728259436557760" Dst="-1" /><file name="icon_google.png" server="Macintosh HD/Users/josephlowery/Documents/Projects/Lynda/DW_Responsive/Exercise Files/Chapter 2/source/" local="3415750080" remote="318728259436557760" Dst="-1" /><file name="icon_facebook.png" server="Macintosh HD/Users/josephlowery/Documents/Projects/Lynda/DW_Responsive/Exercise Files/Chapter 2/source/" local="3415750080" remote="318728259436557760" Dst="-1" /><file name="icon_linked.png" server="Macintosh HD/Users/josephlowery/Documents/Projects/Lynda/DW_Responsive/Exercise Files/Chapter 2/source/" local="3415750080" remote="318728259436557760" Dst="-1" /><file name="featured_student.jpg" server="Macintosh HD/Users/josephlowery/Documents/Projects/Lynda/DW_Responsive/Exercise Files/Chapter 2/source/" local="3415750320" remote="318728259436558000" Dst="-1" /><file name="show1.jpg" server="Macintosh HD/Users/josephlowery/Documents/Projects/Lynda/DW_Responsive/Exercise Files/Chapter 2/source/" local="3415750080" remote="318728259436557760" Dst="-1" /><file name="events.jpg" server="Macintosh HD/Users/josephlowery/Documents/Projects/Lynda/DW_Responsive/Exercise Files/Chapter 2/source/" local="3415750320" remote="318728259436558000" Dst="-1" /><file name="alumni_profile.jpg" server="Macintosh HD/Users/josephlowery/Documents/Projects/Lynda/DW_Responsive/Exercise Files/Chapter 2/source/" local="3415750320" remote="318728259436558000" Dst="-1" /></dwsync>